--
-- Volcado de datos para la tabla `region`
--

INSERT INTO `region` (`id`, `nombre`, `romano`, `num_provincias`, `num_comunas`) VALUES
(1, 'ARICA Y PARINACOTA', 'XV', 2, 4),
(2, 'TARAPACÁ', 'I', 2, 7),
(3, 'ANTOFAGASTA', 'II', 3, 9),
(4, 'ATACAMA ', 'III', 3, 9),
(5, 'COQUIMBO ', 'IV', 3, 15),
(6, 'VALPARAÍSO ', 'V', 8, 38),
(7, 'DEL LIBERTADOR GRAL. BERNARDO O''HIGGINS ', 'VI', 3, 33),
(8, 'DEL MAULE', 'VII', 4, 30),
(9, 'DEL BIOBÍO ', 'VIII', 4, 54),
(10, 'DE LA ARAUCANÍA', 'IX', 2, 32),
(11, 'DE LOS RÍOS', 'XIV', 2, 12),
(12, 'DE LOS LAGOS', 'X', 4, 30),
(13, 'AISÉN DEL GRAL. CARLOS IBAÑEZ DEL CAMPO ', 'XI', 4, 10),
(14, 'MAGALLANES Y DE LA ANTÁRTICA CHILENA', 'XII', 4, 11),
(15, 'METROPOLITANA DE SANTIAGO', 'RM', 6, 52);

--
-- Volcado de datos para la tabla `provincia`
--

INSERT INTO `provincia` (`id`, `region_id`, `nombre`, `num_comunas`) VALUES
(1, 1, 'ARICA', 2),
(2, 1, 'PARINACOTA', 2),
(3, 2, 'IQUIQUE', 2),
(4, 2, 'TAMARUGAL', 5),
(5, 3, 'ANTOFAGASTA', 4),
(6, 3, 'EL LOA', 3),
(7, 3, 'TOCOPILLA', 2),
(8, 4, 'COPIAPÓ', 3),
(9, 4, 'CHAÑARAL', 2),
(10, 4, 'HUASCO', 4),
(11, 5, 'ELQUI', 6),
(12, 5, 'CHOAPA', 4),
(13, 5, 'LIMARÍ', 5),
(14, 6, 'VALPARAÍSO', 7),
(15, 6, 'ISLA DE PASCUA', 1),
(16, 6, 'LOS ANDES', 4),
(17, 6, 'PETORCA', 5),
(18, 6, 'QUILLOTA', 5),
(19, 6, 'SAN ANTONIO', 6),
(20, 6, 'SAN FELIPE DE ACONCAGUA', 6),
(21, 6, 'MARGA MARGA', 4),
(22, 7, 'CACHAPOAL', 17),
(23, 7, 'CARDENAL CARO', 6),
(24, 7, 'COLCHAGUA', 10),
(25, 8, 'TALCA', 10),
(26, 8, 'CAUQUENES', 3),
(27, 8, 'CURICÓ', 9),
(28, 8, 'LINARES', 8),
(29, 9, 'CONCEPCIÓN', 12),
(30, 9, 'ARAUCO', 7),
(31, 9, 'BIOBÍO', 14),
(32, 9, 'ÑUBLE', 21),
(33, 10, 'CAUTÍN', 21),
(34, 10, 'MALLECO', 11),
(35, 11, 'VALDIVIA', 8),
(36, 11, 'RANCO', 4),
(37, 12, 'LLANQUIHUE', 9),
(38, 12, 'CHILOÉ', 10),
(39, 12, 'OSORNO', 7),
(40, 12, 'PALENA', 4),
(41, 13, 'COIHAIQUE', 2),
(42, 13, 'AISÉN', 3),
(43, 13, 'CAPITÁN PRAT', 3),
(44, 13, 'GENERAL CARRERA', 2),
(45, 14, 'MAGALLANES', 4),
(46, 14, 'ANTÁRTICA CHILENA', 2),
(47, 14, 'TIERRA DEL FUEGO', 3),
(48, 14, 'ULTIMA ESPERANZA', 2),
(49, 15, 'SANTIAGO', 32),
(50, 15, 'CORDILLERA', 3),
(51, 15, 'CHACABUCO', 3),
(52, 15, 'MAIPO', 4),
(53, 15, 'MELIPILLA', 5),
(54, 15, 'TALAGANTE', 5);

--
-- Volcado de datos para la tabla `comuna`
--

INSERT INTO `comuna` (`id`, `nombre`, `provincia_id`) VALUES
(1, 'ARICA', 1),
(2, 'CAMARONES', 1),
(3, 'PUTRE', 2),
(4, 'GENERAL LAGOS', 2),
(5, 'IQUIQUE', 3),
(6, 'ALTO HOSPICIO', 3),
(7, 'POZO ALMONTE', 4),
(8, 'CAMIÑA', 4),
(9, 'COLCHANE', 4),
(10, 'HUARA', 4),
(11, 'PICA', 4),
(12, 'ANTOFAGASTA', 5),
(13, 'MEJILLONES', 5),
(14, 'SIERRA GORDA', 5),
(15, 'TALTAL', 5),
(16, 'CALAMA', 6),
(17, 'OLLAGÜE', 6),
(18, 'SAN PEDRO DE ATACAMA', 6),
(19, 'TOCOPILLA', 7),
(20, 'MARÍA ELENA', 7),
(21, 'COPIAPÓ', 8),
(22, 'CALDERA', 8),
(23, 'TIERRA AMARILLA', 8),
(24, 'CHAÑARAL', 9),
(25, 'DIEGO DE ALMAGRO', 9),
(26, 'VALLENAR', 10),
(27, 'ALTO DEL CARMEN', 10),
(28, 'FREIRINA', 10),
(29, 'HUASCO', 10),
(30, 'LA SERENA', 11),
(31, 'COQUIMBO', 11),
(32, 'ANDACOLLO', 11),
(33, 'LA HIGUERA', 11),
(34, 'PAIGUANO', 11),
(35, 'VICUÑA', 11),
(36, 'ILLAPEL', 12),
(37, 'CANELA', 12),
(38, 'LOS VILOS', 12),
(39, 'SALAMANCA', 12),
(40, 'OVALLE', 13),
(41, 'COMBARBALÁ', 13),
(42, 'MONTE PATRIA', 13),
(43, 'PUNITAQUI', 13),
(44, 'RÍO HURTADO', 13),
(45, 'VALPARAÍSO', 14),
(46, 'CASABLANCA', 14),
(47, 'CONCÓN', 14),
(48, 'JUAN FERNÁNDEZ', 14),
(49, 'PUCHUNCAVÍ', 14),
(50, 'QUINTERO', 14),
(51, 'VIÑA DEL MAR', 14),
(52, 'ISLA DE PASCUA', 15),
(53, 'LOS ANDES', 16),
(54, 'CALLE LARGA', 16),
(55, 'RINCONADA', 16),
(56, 'SAN ESTEBAN', 16),
(57, 'LA LIGUA', 17),
(58, 'CABILDO', 17),
(59, 'PAPUDO', 17),
(60, 'PETORCA', 17),
(61, 'ZAPALLAR', 17),
(62, 'QUILLOTA', 18),
(63, 'CALERA', 18),
(64, 'HIJUELAS', 18),
(65, 'LA CRUZ', 18),
(66, 'NOGALES', 18),
(67, 'SAN ANTONIO', 19),
(68, 'ALGARROBO', 19),
(69, 'CARTAGENA', 19),
(70, 'EL QUISCO', 19),
(71, 'EL TABO', 19),
(72, 'SANTO DOMINGO', 19),
(73, 'SAN FELIPE', 20),
(74, 'CATEMU', 20),
(75, 'LLAILLAY', 20),
(76, 'PANQUEHUE', 20),
(77, 'PUTAENDO', 20),
(78, 'SANTA MARÍA', 20),
(79, 'LIMACHE', 21),
(80, 'QUILPUÉ', 21),
(81, 'VILLA ALEMANA', 21),
(82, 'OLMUÉ', 21),
(83, 'RANCAGUA', 22),
(84, 'CODEGUA', 22),
(85, 'COINCO', 22),
(86, 'COLTAUCO', 22),
(87, 'DOÑIHUE', 22),
(88, 'GRANEROS', 22),
(89, 'LAS CABRAS', 22),
(90, 'MACHALÍ', 22),
(91, 'MALLOA', 22),
(92, 'MOSTAZAL', 22),
(93, 'OLIVAR', 22),
(94, 'PEUMO', 22),
(95, 'PICHIDEGUA', 22),
(96, 'QUINTA DE TILCOCO', 22),
(97, 'RENGO', 22),
(98, 'REQUÍNOA', 22),
(99, 'SAN VICENTE', 22),
(100, 'PICHILEMU', 23),
(101, 'LA ESTRELLA', 23),
(102, 'LITUECHE', 23),
(103, 'MARCHIHUE', 23),
(104, 'NAVIDAD', 23),
(105, 'PAREDONES', 23),
(106, 'SAN FERNANDO', 24),
(107, 'CHÉPICA', 24),
(108, 'CHIMBARONGO', 24),
(109, 'LOLOL', 24),
(110, 'NANCAGUA', 24),
(111, 'PALMILLA', 24),
(112, 'PERALILLO', 24),
(113, 'PLACILLA', 24),
(114, 'PUMANQUE', 24),
(115, 'SANTA CRUZ', 24),
(116, 'TALCA', 25),
(117, 'CONSTITUCIÓN', 25),
(118, 'CUREPTO', 25),
(119, 'EMPEDRADO', 25),
(120, 'MAULE', 25),
(121, 'PELARCO', 25),
(122, 'PENCAHUE', 25),
(123, 'RÍO CLARO', 25),
(124, 'SAN CLEMENTE', 25),
(125, 'SAN RAFAEL', 25),
(126, 'CAUQUENES', 26),
(127, 'CHANCO', 26),
(128, 'PELLUHUE', 26),
(129, 'CURICÓ', 27),
(130, 'HUALAÑÉ', 27),
(131, 'LICANTÉN', 27),
(132, 'MOLINA', 27),
(133, 'RAUCO', 27),
(134, 'ROMERAL', 27),
(135, 'SAGRADA FAMILIA', 27),
(136, 'TENO', 27),
(137, 'VICHUQUÉN', 27),
(138, 'LINARES', 28),
(139, 'COLBÚN', 28),
(140, 'LONGAVÍ', 28),
(141, 'PARRAL', 28),
(142, 'RETIRO', 28),
(143, 'SAN JAVIER', 28),
(144, 'VILLA ALEGRE', 28),
(145, 'YERBAS BUENAS', 28),
(146, 'CONCEPCIÓN', 29),
(147, 'CORONEL', 29),
(148, 'CHIGUAYANTE', 29),
(149, 'FLORIDA', 29),
(150, 'HUALQUI', 29),
(151, 'LOTA', 29),
(152, 'PENCO', 29),
(153, 'SAN PEDRO DE LA PAZ', 29),
(154, 'SANTA JUANA', 29),
(155, 'TALCAHUANO', 29),
(156, 'TOMÉ', 29),
(157, 'HUALPÉN', 29),
(158, 'LEBU', 30),
(159, 'ARAUCO', 30),
(160, 'CAÑETE', 30),
(161, 'CONTULMO', 30),
(162, 'CURANILAHUE', 30),
(163, 'LOS ALAMOS', 30),
(164, 'TIRÚA', 30),
(165, 'LOS ANGELES', 31),
(166, 'ANTUCO', 31),
(167, 'CABRERO', 31),
(168, 'LAJA', 31),
(169, 'MULCHÉN', 31),
(170, 'NACIMIENTO', 31),
(171, 'NEGRETE', 31),
(172, 'QUILACO', 31),
(173, 'QUILLECO', 31),
(174, 'SAN ROSENDO', 31),
(175, 'SANTA BÁRBARA', 31),
(176, 'TUCAPEL', 31),
(177, 'YUMBEL', 31),
(178, 'ALTO BIOBÍO', 31),
(179, 'CHILLÁN', 32),
(180, 'BULNES', 32),
(181, 'COBQUECURA', 32),
(182, 'COELEMU', 32),
(183, 'COIHUECO', 32),
(184, 'CHILLÁN VIEJO', 32),
(185, 'EL CARMEN', 32),
(186, 'NINHUE', 32),
(187, 'ÑIQUÉN', 32),
(188, 'PEMUCO', 32),
(189, 'PINTO', 32),
(190, 'PORTEZUELO', 32),
(191, 'QUILLÓN', 32),
(192, 'QUIRIHUE', 32),
(193, 'RÁNQUIL', 32),
(194, 'SAN CARLOS', 32),
(195, 'SAN FABIÁN', 32),
(196, 'SAN IGNACIO', 32),
(197, 'SAN NICOLÁS', 32),
(198, 'TREGUACO', 32),
(199, 'YUNGAY', 32),
(200, 'TEMUCO', 33),
(201, 'CARAHUE', 33),
(202, 'CUNCO', 33),
(203, 'CURARREHUE', 33),
(204, 'FREIRE', 33),
(205, 'GALVARINO', 33),
(206, 'GORBEA', 33),
(207, 'LAUTARO', 33),
(208, 'LONCOCHE', 33),
(209, 'MELIPEUCO', 33),
(210, 'NUEVA IMPERIAL', 33),
(211, 'PADRE LAS CASAS', 33),
(212, 'PERQUENCO', 33),
(213, 'PITRUFQUÉN', 33),
(214, 'PUCÓN', 33),
(215, 'SAAVEDRA', 33),
(216, 'TEODORO SCHMIDT', 33),
(217, 'TOLTÉN', 33),
(218, 'VILCÚN', 33),
(219, 'VILLARRICA', 33),
(220, 'CHOLCHOL', 33),
(221, 'ANGOL', 34),
(222, 'COLLIPULLI', 34),
(223, 'CURACAUTÍN', 34),
(224, 'ERCILLA', 34),
(225, 'LONQUIMAY', 34),
(226, 'LOS SAUCES', 34),
(227, 'LUMACO', 34),
(228, 'PURÉN', 34),
(229, 'RENAICO', 34),
(230, 'TRAIGUÉN', 34),
(231, 'VICTORIA', 34),
(232, 'VALDIVIA', 35),
(233, 'CORRAL', 35),
(234, 'LANCO', 35),
(235, 'LOS LAGOS', 35),
(236, 'MÁFIL', 35),
(237, 'MARIQUINA', 35),
(238, 'PAILLACO', 35),
(239, 'PANGUIPULLI', 35),
(240, 'LA UNIÓN', 36),
(241, 'FUTRONO', 36),
(242, 'LAGO RANCO', 36),
(243, 'RÍO BUENO', 36),
(244, 'PUERTO MONTT', 37),
(245, 'CALBUCO', 37),
(246, 'COCHAMÓ', 37),
(247, 'FRESIA', 37),
(248, 'FRUTILLAR', 37),
(249, 'LOS MUERMOS', 37),
(250, 'LLANQUIHUE', 37),
(251, 'MAULLÍN', 37),
(252, 'PUERTO VARAS', 37),
(253, 'CASTRO', 38),
(254, 'ANCUD', 38),
(255, 'CHONCHI', 38),
(256, 'CURACO DE VÉLEZ', 38),
(257, 'DALCAHUE', 38),
(258, 'PUQUELDÓN', 38),
(259, 'QUEILÉN', 38),
(260, 'QUELLÓN', 38),
(261, 'QUEMCHI', 38),
(262, 'QUINCHAO', 38),
(263, 'OSORNO', 39),
(264, 'PUERTO OCTAY', 39),
(265, 'PURRANQUE', 39),
(266, 'PUYEHUE', 39),
(267, 'RÍO NEGRO', 39),
(268, 'SAN JUAN DE LA COSTA', 39),
(269, 'SAN PABLO', 39),
(270, 'CHAITÉN', 40),
(271, 'FUTALEUFÚ', 40),
(272, 'HUALAIHUÉ', 40),
(273, 'PALENA', 40),
(274, 'COIHAIQUE', 41),
(275, 'LAGO VERDE', 41),
(276, 'AISÉN', 42),
(277, 'CISNES', 42),
(278, 'GUAITECAS', 42),
(279, 'COCHRANE', 43),
(280, 'O''HIGGINS', 43),
(281, 'TORTEL', 43),
(282, 'CHILE CHICO', 44),
(283, 'RÍO IBÁÑEZ', 44),
(284, 'PUNTA ARENAS', 45),
(285, 'LAGUNA BLANCA', 45),
(286, 'RÍO VERDE', 45),
(287, 'SAN GREGORIO', 45),
(288, 'CABO DE HORNOS', 46),
(289, 'ANTÁRTICA', 46),
(290, 'PORVENIR', 47),
(291, 'PRIMAVERA', 47),
(292, 'TIMAUKEL', 47),
(293, 'NATALES', 48),
(294, 'TORRES DEL PAINE', 48),
(295, 'SANTIAGO', 49),
(296, 'CERRILLOS', 49),
(297, 'CERRO NAVIA', 49),
(298, 'CONCHALÍ', 49),
(299, 'EL BOSQUE', 49),
(300, 'ESTACIÓN CENTRAL', 49),
(301, 'HUECHURABA', 49),
(302, 'INDEPENDENCIA', 49),
(303, 'LA CISTERNA', 49),
(304, 'LA FLORIDA', 49),
(305, 'LA GRANJA', 49),
(306, 'LA PINTANA', 49),
(307, 'LA REINA', 49),
(308, 'LAS CONDES', 49),
(309, 'LO BARNECHEA', 49),
(310, 'LO ESPEJO', 49),
(311, 'LO PRADO', 49),
(312, 'MACUL', 49),
(313, 'MAIPÚ', 49),
(314, 'ÑUÑOA', 49),
(315, 'PEDRO AGUIRRE CERDA', 49),
(316, 'PEÑALOLÉN', 49),
(317, 'PROVIDENCIA', 49),
(318, 'PUDAHUEL', 49),
(319, 'QUILICURA', 49),
(320, 'QUINTA NORMAL', 49),
(321, 'RECOLETA', 49),
(322, 'RENCA', 49),
(323, 'SAN JOAQUÍN', 49),
(324, 'SAN MIGUEL', 49),
(325, 'SAN RAMÓN', 49),
(326, 'VITACURA', 49),
(327, 'PUENTE ALTO', 50),
(328, 'PIRQUE', 50),
(329, 'SAN JOSÉ DE MAIPO', 50),
(330, 'COLINA', 51),
(331, 'LAMPA', 51),
(332, 'TILTIL', 51),
(333, 'SAN BERNARDO', 52),
(334, 'BUIN', 52),
(335, 'CALERA DE TANGO', 52),
(336, 'PAINE', 52),
(337, 'MELIPILLA', 53),
(338, 'ALHUÉ', 53),
(339, 'CURACAVÍ', 53),
(340, 'MARÍA PINTO', 53),
(341, 'SAN PEDRO', 53),
(342, 'TALAGANTE', 54),
(343, 'EL MONTE', 54),
(344, 'ISLA DE MAIPO', 54),
(345, 'PADRE HURTADO', 54),
(346, 'PEÑAFLOR', 54);

--
-- Volcado de datos para la tabla `auth_item`
--

INSERT INTO `auth_item` (`name`, `type`, `description`, `rule_name`, `data`, `created_at`, `updated_at`) VALUES
('/*', 2, NULL, NULL, NULL, 1508179078, 1508179078),
('/admin/*', 2, NULL, NULL, NULL, 1508179075, 1508179075),
('/admin/assignment/*', 2, NULL, NULL, NULL, 1508179072, 1508179072),
('/admin/assignment/assign', 2, NULL, NULL, NULL, 1508179072, 1508179072),
('/admin/assignment/index', 2, NULL, NULL, NULL, 1508179072, 1508179072),
('/admin/assignment/revoke', 2, NULL, NULL, NULL, 1508179072, 1508179072),
('/admin/assignment/view', 2, NULL, NULL, NULL, 1508179072, 1508179072),
('/admin/default/*', 2, NULL, NULL, NULL, 1508179072, 1508179072),
('/admin/default/index', 2, NULL, NULL, NULL, 1508179072, 1508179072),
('/admin/menu/*', 2, NULL, NULL, NULL, 1508179073, 1508179073),
('/admin/menu/create', 2, NULL, NULL, NULL, 1508179073, 1508179073),
('/admin/menu/delete', 2, NULL, NULL, NULL, 1508179073, 1508179073),
('/admin/menu/index', 2, NULL, NULL, NULL, 1508179073, 1508179073),
('/admin/menu/update', 2, NULL, NULL, NULL, 1508179073, 1508179073),
('/admin/menu/view', 2, NULL, NULL, NULL, 1508179073, 1508179073),
('/admin/permission/*', 2, NULL, NULL, NULL, 1508179073, 1508179073),
('/admin/permission/assign', 2, NULL, NULL, NULL, 1508179073, 1508179073),
('/admin/permission/create', 2, NULL, NULL, NULL, 1508179073, 1508179073),
('/admin/permission/delete', 2, NULL, NULL, NULL, 1508179073, 1508179073),
('/admin/permission/index', 2, NULL, NULL, NULL, 1508179073, 1508179073),
('/admin/permission/remove', 2, NULL, NULL, NULL, 1508179073, 1508179073),
('/admin/permission/update', 2, NULL, NULL, NULL, 1508179073, 1508179073),
('/admin/permission/view', 2, NULL, NULL, NULL, 1508179073, 1508179073),
('/admin/role/*', 2, NULL, NULL, NULL, 1508179074, 1508179074),
('/admin/role/assign', 2, NULL, NULL, NULL, 1508179074, 1508179074),
('/admin/role/create', 2, NULL, NULL, NULL, 1508179073, 1508179073),
('/admin/role/delete', 2, NULL, NULL, NULL, 1508179073, 1508179073),
('/admin/role/index', 2, NULL, NULL, NULL, 1508179073, 1508179073),
('/admin/role/remove', 2, NULL, NULL, NULL, 1508179074, 1508179074),
('/admin/role/update', 2, NULL, NULL, NULL, 1508179073, 1508179073),
('/admin/role/view', 2, NULL, NULL, NULL, 1508179073, 1508179073),
('/admin/route/*', 2, NULL, NULL, NULL, 1508179074, 1508179074),
('/admin/route/assign', 2, NULL, NULL, NULL, 1508179074, 1508179074),
('/admin/route/create', 2, NULL, NULL, NULL, 1508179074, 1508179074),
('/admin/route/index', 2, NULL, NULL, NULL, 1508179074, 1508179074),
('/admin/route/refresh', 2, NULL, NULL, NULL, 1508179074, 1508179074),
('/admin/route/remove', 2, NULL, NULL, NULL, 1508179074, 1508179074),
('/admin/rule/*', 2, NULL, NULL, NULL, 1508179074, 1508179074),
('/admin/rule/create', 2, NULL, NULL, NULL, 1508179074, 1508179074),
('/admin/rule/delete', 2, NULL, NULL, NULL, 1508179074, 1508179074),
('/admin/rule/index', 2, NULL, NULL, NULL, 1508179074, 1508179074),
('/admin/rule/update', 2, NULL, NULL, NULL, 1508179074, 1508179074),
('/admin/rule/view', 2, NULL, NULL, NULL, 1508179074, 1508179074),
('/admin/user/*', 2, NULL, NULL, NULL, 1508179075, 1508179075),
('/admin/user/activate', 2, NULL, NULL, NULL, 1508179075, 1508179075),
('/admin/user/change-password', 2, NULL, NULL, NULL, 1508179075, 1508179075),
('/admin/user/delete', 2, NULL, NULL, NULL, 1508179075, 1508179075),
('/admin/user/index', 2, NULL, NULL, NULL, 1508179074, 1508179074),
('/admin/user/login', 2, NULL, NULL, NULL, 1508179075, 1508179075),
('/admin/user/logout', 2, NULL, NULL, NULL, 1508179075, 1508179075),
('/admin/user/request-password-reset', 2, NULL, NULL, NULL, 1508179075, 1508179075),
('/admin/user/reset-password', 2, NULL, NULL, NULL, 1508179075, 1508179075),
('/admin/user/signup', 2, NULL, NULL, NULL, 1508179075, 1508179075),
('/admin/user/view', 2, NULL, NULL, NULL, 1508179075, 1508179075),
('/cliente/*', 2, NULL, NULL, NULL, 1508179076, 1508179076),
('/cliente/create', 2, NULL, NULL, NULL, 1508179076, 1508179076),
('/cliente/delete', 2, NULL, NULL, NULL, 1508179076, 1508179076),
('/cliente/index', 2, NULL, NULL, NULL, 1508179076, 1508179076),
('/cliente/update', 2, NULL, NULL, NULL, 1508179076, 1508179076),
('/cliente/view', 2, NULL, NULL, NULL, 1508179076, 1508179076),
('/comuna/*', 2, NULL, NULL, NULL, 1508179077, 1508179077),
('/comuna/create', 2, NULL, NULL, NULL, 1508179076, 1508179076),
('/comuna/delete', 2, NULL, NULL, NULL, 1508179076, 1508179076),
('/comuna/index', 2, NULL, NULL, NULL, 1508179076, 1508179076),
('/comuna/update', 2, NULL, NULL, NULL, 1508179076, 1508179076),
('/comuna/view', 2, NULL, NULL, NULL, 1508179076, 1508179076),
('/debug/*', 2, NULL, NULL, NULL, 1508179076, 1508179076),
('/debug/default/*', 2, NULL, NULL, NULL, 1508179075, 1508179075),
('/debug/default/db-explain', 2, NULL, NULL, NULL, 1508179075, 1508179075),
('/debug/default/download-mail', 2, NULL, NULL, NULL, 1508179075, 1508179075),
('/debug/default/index', 2, NULL, NULL, NULL, 1508179075, 1508179075),
('/debug/default/toolbar', 2, NULL, NULL, NULL, 1508179075, 1508179075),
('/debug/default/view', 2, NULL, NULL, NULL, 1508179075, 1508179075),
('/debug/user/*', 2, NULL, NULL, NULL, 1508179075, 1508179075),
('/debug/user/reset-identity', 2, NULL, NULL, NULL, 1508179075, 1508179075),
('/debug/user/set-identity', 2, NULL, NULL, NULL, 1508179075, 1508179075),
('/gii/*', 2, NULL, NULL, NULL, 1508179076, 1508179076),
('/gii/default/*', 2, NULL, NULL, NULL, 1508179076, 1508179076),
('/gii/default/action', 2, NULL, NULL, NULL, 1508179076, 1508179076),
('/gii/default/diff', 2, NULL, NULL, NULL, 1508179076, 1508179076),
('/gii/default/index', 2, NULL, NULL, NULL, 1508179076, 1508179076),
('/gii/default/preview', 2, NULL, NULL, NULL, 1508179076, 1508179076),
('/gii/default/view', 2, NULL, NULL, NULL, 1508179076, 1508179076),
('/oferta/*', 2, NULL, NULL, NULL, 1508179077, 1508179077),
('/oferta/aprobada', 2, NULL, NULL, NULL, 1508179077, 1508179077),
('/oferta/create', 2, NULL, NULL, NULL, 1508179077, 1508179077),
('/oferta/delete', 2, NULL, NULL, NULL, 1508179077, 1508179077),
('/oferta/index', 2, NULL, NULL, NULL, 1508179077, 1508179077),
('/oferta/update', 2, NULL, NULL, NULL, 1508179077, 1508179077),
('/oferta/view', 2, NULL, NULL, NULL, 1508179077, 1508179077),
('/pedido/*', 2, NULL, NULL, NULL, 1508179077, 1508179077),
('/pedido/comuna', 2, NULL, NULL, NULL, 1508179077, 1508179077),
('/pedido/comunadestino', 2, NULL, NULL, NULL, 1508179077, 1508179077),
('/pedido/create', 2, NULL, NULL, NULL, 1508179077, 1508179077),
('/pedido/delete', 2, NULL, NULL, NULL, 1508179077, 1508179077),
('/pedido/index', 2, NULL, NULL, NULL, 1508179077, 1508179077),
('/pedido/provincia', 2, NULL, NULL, NULL, 1508179077, 1508179077),
('/pedido/provinciadestino', 2, NULL, NULL, NULL, 1508179077, 1508179077),
('/pedido/update', 2, NULL, NULL, NULL, 1508179077, 1508179077),
('/pedido/view', 2, NULL, NULL, NULL, 1508179077, 1508179077),
('/provincia/*', 2, NULL, NULL, NULL, 1508179078, 1508179078),
('/provincia/create', 2, NULL, NULL, NULL, 1508179077, 1508179077),
('/provincia/delete', 2, NULL, NULL, NULL, 1508179078, 1508179078),
('/provincia/index', 2, NULL, NULL, NULL, 1508179077, 1508179077),
('/provincia/update', 2, NULL, NULL, NULL, 1508179077, 1508179077),
('/provincia/view', 2, NULL, NULL, NULL, 1508179077, 1508179077),
('/region/*', 2, NULL, NULL, NULL, 1508179078, 1508179078),
('/region/create', 2, NULL, NULL, NULL, 1508179078, 1508179078),
('/region/delete', 2, NULL, NULL, NULL, 1508179078, 1508179078),
('/region/index', 2, NULL, NULL, NULL, 1508179078, 1508179078),
('/region/update', 2, NULL, NULL, NULL, 1508179078, 1508179078),
('/region/view', 2, NULL, NULL, NULL, 1508179078, 1508179078),
('/site/*', 2, NULL, NULL, NULL, 1508179078, 1508179078),
('/site/about', 2, NULL, NULL, NULL, 1508179078, 1508179078),
('/site/captcha', 2, NULL, NULL, NULL, 1508179078, 1508179078),
('/site/contact', 2, NULL, NULL, NULL, 1508179078, 1508179078),
('/site/error', 2, NULL, NULL, NULL, 1508179078, 1508179078),
('/site/index', 2, NULL, NULL, NULL, 1508179078, 1508179078),
('/site/login', 2, NULL, NULL, NULL, 1508179078, 1508179078),
('/site/logout', 2, NULL, NULL, NULL, 1508179078, 1508179078),
('administrador', 1, NULL, NULL, NULL, 1508179289, 1508179432),
('cliente', 1, NULL, NULL, NULL, 1508179467, 1508180708),
('empresa', 1, NULL, NULL, NULL, 1508179520, 1508179520),
('permiso empresa', 2, NULL, NULL, NULL, 1508184257, 1508184257),
('permisos clientes', 2, NULL, NULL, NULL, 1508184406, 1508184406),
('sesion', 2, NULL, NULL, NULL, 1508179344, 1508179344);

--
-- Volcado de datos para la tabla `auth_item_child`
--

INSERT INTO `auth_item_child` (`parent`, `child`) VALUES
('administrador', '/*'),
('administrador', '/admin/*'),
('administrador', '/admin/assignment/*'),
('administrador', '/admin/assignment/assign'),
('administrador', '/admin/assignment/index'),
('administrador', '/admin/assignment/revoke'),
('administrador', '/admin/assignment/view'),
('administrador', '/admin/default/*'),
('administrador', '/admin/default/index'),
('administrador', '/admin/menu/*'),
('administrador', '/admin/menu/create'),
('administrador', '/admin/menu/delete'),
('administrador', '/admin/menu/index'),
('administrador', '/admin/menu/update'),
('administrador', '/admin/menu/view'),
('administrador', '/admin/permission/*'),
('administrador', '/admin/permission/assign'),
('administrador', '/admin/permission/create'),
('administrador', '/admin/permission/delete'),
('administrador', '/admin/permission/index'),
('administrador', '/admin/permission/remove'),
('administrador', '/admin/permission/update'),
('administrador', '/admin/permission/view'),
('administrador', '/admin/role/*'),
('administrador', '/admin/role/assign'),
('administrador', '/admin/role/create'),
('administrador', '/admin/role/delete'),
('administrador', '/admin/role/index'),
('administrador', '/admin/role/remove'),
('administrador', '/admin/role/update'),
('administrador', '/admin/role/view'),
('administrador', '/admin/route/*'),
('administrador', '/admin/route/assign'),
('administrador', '/admin/route/create'),
('administrador', '/admin/route/index'),
('administrador', '/admin/route/refresh'),
('administrador', '/admin/route/remove'),
('administrador', '/admin/rule/*'),
('administrador', '/admin/rule/create'),
('administrador', '/admin/rule/delete'),
('administrador', '/admin/rule/index'),
('administrador', '/admin/rule/update'),
('administrador', '/admin/rule/view'),
('administrador', '/admin/user/*'),
('administrador', '/admin/user/activate'),
('administrador', '/admin/user/change-password'),
('administrador', '/admin/user/delete'),
('administrador', '/admin/user/index'),
('administrador', '/admin/user/login'),
('administrador', '/admin/user/logout'),
('administrador', '/admin/user/request-password-reset'),
('administrador', '/admin/user/reset-password'),
('administrador', '/admin/user/signup'),
('administrador', '/admin/user/view'),
('administrador', '/cliente/*'),
('administrador', '/cliente/create'),
('administrador', '/cliente/delete'),
('administrador', '/cliente/index'),
('administrador', '/cliente/update'),
('administrador', '/cliente/view'),
('administrador', '/comuna/*'),
('administrador', '/comuna/create'),
('administrador', '/comuna/delete'),
('administrador', '/comuna/index'),
('administrador', '/comuna/update'),
('administrador', '/comuna/view'),
('administrador', '/debug/*'),
('administrador', '/debug/default/*'),
('administrador', '/debug/default/db-explain'),
('administrador', '/debug/default/download-mail'),
('administrador', '/debug/default/index'),
('administrador', '/debug/default/toolbar'),
('administrador', '/debug/default/view'),
('administrador', '/debug/user/*'),
('administrador', '/debug/user/reset-identity'),
('administrador', '/debug/user/set-identity'),
('administrador', '/gii/*'),
('administrador', '/gii/default/*'),
('administrador', '/gii/default/action'),
('administrador', '/gii/default/diff'),
('administrador', '/gii/default/index'),
('administrador', '/gii/default/preview'),
('administrador', '/gii/default/view'),
('administrador', '/oferta/*'),
('administrador', '/oferta/aprobada'),
('administrador', '/oferta/create'),
('administrador', '/oferta/delete'),
('administrador', '/oferta/index'),
('administrador', '/oferta/update'),
('administrador', '/oferta/view'),
('administrador', '/pedido/*'),
('administrador', '/pedido/comuna'),
('administrador', '/pedido/comunadestino'),
('administrador', '/pedido/create'),
('administrador', '/pedido/delete'),
('administrador', '/pedido/index'),
('administrador', '/pedido/provincia'),
('administrador', '/pedido/provinciadestino'),
('administrador', '/pedido/update'),
('administrador', '/pedido/view'),
('administrador', '/provincia/*'),
('administrador', '/provincia/create'),
('administrador', '/provincia/delete'),
('administrador', '/provincia/index'),
('administrador', '/provincia/update'),
('administrador', '/provincia/view'),
('administrador', '/region/*'),
('administrador', '/region/create'),
('administrador', '/region/delete'),
('administrador', '/region/index'),
('administrador', '/region/update'),
('administrador', '/region/view'),
('administrador', '/site/*'),
('administrador', '/site/about'),
('administrador', '/site/captcha'),
('administrador', '/site/contact'),
('administrador', '/site/error'),
('administrador', '/site/index'),
('administrador', '/site/login'),
('administrador', '/site/logout'),
('administrador', 'sesion'),
('cliente', 'permisos clientes'),
('cliente', 'sesion'),
('empresa', 'permiso empresa'),
('empresa', 'sesion'),
('permiso empresa', '/cliente/index'),
('permiso empresa', '/cliente/view'),
('permiso empresa', '/oferta/*'),
('permiso empresa', '/oferta/aprobada'),
('permiso empresa', '/oferta/create'),
('permiso empresa', '/oferta/index'),
('permiso empresa', '/oferta/update'),
('permiso empresa', '/oferta/view'),
('permiso empresa', '/pedido/comuna'),
('permiso empresa', '/pedido/comunadestino'),
('permiso empresa', '/pedido/index'),
('permiso empresa', '/pedido/provincia'),
('permiso empresa', '/pedido/provinciadestino'),
('permiso empresa', '/pedido/view'),
('permiso empresa', '/site/*'),
('permiso empresa', '/site/about'),
('permiso empresa', '/site/captcha'),
('permiso empresa', '/site/contact'),
('permiso empresa', '/site/error'),
('permiso empresa', '/site/index'),
('permiso empresa', '/site/login'),
('permiso empresa', '/site/logout'),
('permisos clientes', '/cliente/*'),
('permisos clientes', '/cliente/create'),
('permisos clientes', '/cliente/update'),
('permisos clientes', '/cliente/view'),
('permisos clientes', '/oferta/*'),
('permisos clientes', '/oferta/aprobada'),
('permisos clientes', '/oferta/index'),
('permisos clientes', '/oferta/view'),
('permisos clientes', '/pedido/*'),
('permisos clientes', '/pedido/comuna'),
('permisos clientes', '/pedido/comunadestino'),
('permisos clientes', '/pedido/create'),
('permisos clientes', '/pedido/index'),
('permisos clientes', '/pedido/provincia'),
('permisos clientes', '/pedido/provinciadestino'),
('permisos clientes', '/pedido/update'),
('permisos clientes', '/pedido/view'),
('sesion', '/cliente/create'),
('sesion', '/cliente/index'),
('sesion', '/cliente/update'),
('sesion', '/cliente/view'),
('sesion', '/site/about'),
('sesion', '/site/captcha'),
('sesion', '/site/contact'),
('sesion', '/site/error'),
('sesion', '/site/index'),
('sesion', '/site/login'),
('sesion', '/site/logout');

--
-- Volcado de datos para la tabla `auth_assignment`
--

INSERT INTO `auth_assignment` (`item_name`, `user_id`, `created_at`) VALUES
('administrador', '1', 1508179644),
('cliente', '10', 1508251661),
('cliente', '4', 1508180863),
('cliente', '7', 1508251482),
('empresa', '6', 1508182019),
('empresa', '8', 1508251521),
('empresa', '9', 1508251582),
('permiso empresa', '6', 1508184354),
('permisos clientes', '4', 1508199455);

--
-- Volcado de datos para la tabla `cliente`
--

INSERT INTO `cliente` (`id`, `rut`, `rut_add`, `nombre`, `apellidop`, `apellidom`, `direccion`, `fono`, `email`, `reglas_condiciones`, `username`, `password`, `comuna_id`, `activo`, `tipo`) VALUES
(7, 11111111, 11, 'Camilo', 'Ernesto', 'Sierra', 'carr 22, cale 16 # 22-85, Barrio Obrero', '4141-266-76-3_', 'contreras.camilo@gmail.com', 1, 'camilo', '7c4a8d09ca3762af61e59520943dc26494f8941b', 10, 1, 0),
(8, 987654321, 98, 'Empresa 1', '', '', 'carr 22, cale 16 # 22-85', '8762-727-07-0_', 'pielcuidada@gmail.com', 1, 'empresa1', '7c4a8d09ca3762af61e59520943dc26494f8941b', 10, 1, 1),
(9, 11111111, 98, 'Empresa 2', '', '', '2250 NW, 114 th, Ave. UNIT 1Q,, Miami, Fl 33192', '1111-111-11-11', 'qq@q.com', 1, 'empresa2', '7c4a8d09ca3762af61e59520943dc26494f8941b', 3, 1, 1),
(10, 2147483647, 11, 'Ernesto', 'Sierra', '', 'su casa', '2222-222-22-22', '2@2.com', 1, 'ernesto', '7c4a8d09ca3762af61e59520943dc26494f8941b', 13, 1, 0);

--
-- Volcado de datos para la tabla `pedido`
--

INSERT INTO `pedido` (`id`, `origen`, `destino`, `tiempo`, `fecha`, `comentarios`, `status`, `coords_origen`, `coords_destino`, `cliente_id`, `comuna_origen_id`, `comuna_destino_id`) VALUES
(6, 'su casa', 'otra casa', '2017-10-19 14:48:00', '2017-10-17', 'un bultote', 0, '33°27?00?S 70°40?00?', '33°27?00?S 70°40?00?', 7, 4, 52),
(7, 'otra casa mas', 'destino final', '2017-10-18 14:58:00', '2017-10-17', 'otro bultote más', 0, '33°27?00?S 70°40?00?', '33°27?00?S 70°40?00?', 10, 278, 4);

--
-- Volcado de datos para la tabla `oferta`
--

INSERT INTO `oferta` (`id`, `oferta_serv`, `comentarios`, `aprobada`, `empresas_id`, `pedido_id`, `cliente_id`, `coordenadas_actuales`) VALUES
(6, 5000.00, 'barato', 1, 9, 6, 7, '33°27?00?S 70°40?00?'),
(7, 1000.00, 'mas barato', 0, 8, 6, 7, '33°27?00?S 70°40?00?'),
(8, 500.00, 'muy barato', 0, 8, 7, 10, '33°27?00?S 70°40?00?'),
(9, 2000.00, 'aun más barato', 0, 9, 7, 10, '33°27?00?S 70°40?00?');